<?xml version="1.0" encoding="UTF-8"?>
<b:beans 
	xmlns="http://www.springframework.org/schema/security"
	xmlns:xsi="http://www.w3.org/2001/XMLSchema-instance"
	xmlns:b="http://www.springframework.org/schema/beans"
	xmlns:c="http://www.springframework.org/schema/c"
	xmlns:p="http://www.springframework.org/schema/p"
	xsi:schemaLocation="http://www.springframework.org/schema/security http://www.springframework.org/schema/security/spring-security-4.2.xsd
		http://www.springframework.org/schema/beans http://www.springframework.org/schema/beans/spring-beans.xsd">

<!--  = PasswordEncoderFactories.createDelegatingPasswordEncoder(); -->

	<b:bean id="passwordEncoder" class="org.springframework.security.crypto.factory.PasswordEncoderFactories" 
		factory-method="createDelegatingPasswordEncoder"
	/>
	
	<b:bean id="daoAuthenticationProvider" class="org.springframework.security.authentication.dao.DaoAuthenticationProvider"
		p:userDetailsService-ref="userDetailService"
		p:passwordEncoder-ref="passwordEncoder"
		p:hideUserNotFoundExceptions="false"
	 />
	 
<!-- 	 <b:bean id="customLoginSuccess" class="kr.or.ddit.commons.CustomLoginSuccessHandler" /> -->
	
	<authentication-manager id="authenticationManager">
		<authentication-provider ref="daoAuthenticationProvider" />
	</authentication-manager>
	
	<!-- login-page : 로그인 화면
		login-processing-url : <form action="/login/loginProcess" method="post"....
		
	 -->
	<http auto-config="true">
		<form-login
			login-page="/login"
			login-processing-url="/login/loginProcess"
			username-parameter="memEmail"
			password-parameter="memPass"
		/>
<!-- 			authentication-success-handler-ref="customLoginSuccess" -->
		
		<logout logout-url="/logout" logout-success-url="/" invalidate-session="true"/>
		
		<intercept-url pattern="/pms/**" access="hasRole('ROLE_ADMIN')"/>
		<intercept-url pattern="/project/**" access="hasRole('ROLE_ADMIN')"/>
		<intercept-url pattern="/member/mypageList" access="hasRole('ROLE_ADMIN')"/>
		
		<csrf disabled="false"/>
		
	</http>
	
<!-- p:createTableOnStartup="true" : 최초 서버 구동시 1회 사용함.-->
	<b:bean id="tokenRepo" class="org.springframework.security.web.authentication.rememberme.JdbcTokenRepositoryImpl" 
		p:dataSource-ref="dataSource"
	/>
	
	<b:bean id="rememberMeServices" class="org.springframework.security.web.authentication.rememberme.PersistentTokenBasedRememberMeServices" 
		c:tokenRepository-ref="tokenRepo"
		c:userDetailsService-ref="userDetailService"
		c:key="rememberMeKey1" 
		p:parameter="rememberMe"
		p:cookieName="rememberCookie"
		p:tokenValiditySeconds="#{60*60*24*7}"
	/>
	
	<b:bean id="compositeLogoutHandler" class="org.springframework.security.web.authentication.logout.CompositeLogoutHandler">
		<b:constructor-arg name="logoutHandlers">
			<b:array>
				<b:ref bean="rememberMeServices"/>
				<b:bean class="org.springframework.security.web.authentication.logout.SecurityContextLogoutHandler" 
					p:clearAuthentication="true"
					p:invalidateHttpSession="true"
				/>
			</b:array>
		</b:constructor-arg>
	</b:bean>
</b:beans>
