<?xml version="1.0" encoding="UTF-8"?>
<beans xmlns="http://www.springframework.org/schema/beans"
	xmlns:xsi="http://www.w3.org/2001/XMLSchema-instance"
	xmlns:c="http://www.springframework.org/schema/c"
	xmlns:context="http://www.springframework.org/schema/context"
	xmlns:mvc="http://www.springframework.org/schema/mvc"
	xmlns:p="http://www.springframework.org/schema/p"
	xsi:schemaLocation="http://www.springframework.org/schema/beans http://www.springframework.org/schema/beans/spring-beans.xsd
		http://www.springframework.org/schema/context http://www.springframework.org/schema/context/spring-context-4.3.xsd
		http://www.springframework.org/schema/mvc http://www.springframework.org/schema/mvc/spring-mvc-4.3.xsd">

<!-- 	HandlerMapping, HandlerAdapter, ViewResolver, Validator 등의 MVC 프로그래밍 모델에서 사용될 전략 객체들이 자동 등록됨. -->
	<mvc:annotation-driven validator="validator"></mvc:annotation-driven>
	
	<!-- 로케일에 따른 언어별 메시지 처리를 위한 전략 객체 -->
	<bean id="messageSource" class="org.springframework.context.support.ResourceBundleMessageSource"
		p:basenames="kr.or.ddit.msgs.errorMessage,kr.or.ddit.msgs.message"
	/>
	
	<bean id="validator" class="org.springframework.validation.beanvalidation.LocalValidatorFactoryBean" 
		p:validationMessageSource-ref="messageSource"
	/>
	
	<bean id="IRVR" class="org.springframework.web.servlet.view.InternalResourceViewResolver" 
		p:prefix="/WEB-INF/jsp/"
		p:suffix=".jsp"
	/>
	
	
	<bean id="jsonView" class="org.springframework.web.servlet.view.json.MappingJackson2JsonView" />
	
	<bean id="BNVR" class="org.springframework.web.servlet.view.BeanNameViewResolver" 
		p:order="1"
	/>
	
	<!-- Controller layer를 Bean으로 등록하기 위한 필터링 설정 -->
	<context:component-scan base-package="kr.or.ddit" use-default-filters="false">
		<context:include-filter type="annotation" 
			expression="org.springframework.stereotype.Controller"/>
		<context:include-filter type="annotation" 
			expression="org.springframework.web.bind.annotation.ControllerAdvice"/>
	</context:component-scan>
	
	
	<!-- LocaleChangeIntercepter가 변경한 로케일 정보를 정장하기 위해 사용하는 전략 객체 -->
	<bean id="localeResolver" class="org.springframework.web.servlet.i18n.CookieLocaleResolver" 
		p:cookieName="localeCookie"
		p:cookiePath="/"
		p:cookieMaxAge="#{60*60*24*5}"
	/>
	
	<!-- 스프링 컨테이너 밖에 존재하는 웹 필터의 역활을 대신하는 객체 -->
	<mvc:interceptors>
		<mvc:interceptor>
			<!-- language 이름의 요청 파라미터를 기준으로 로케일을 변경하기 위한 인터셉터 -->
			<mvc:mapping path="/**"/>
			<bean class="org.springframework.web.servlet.i18n.LocaleChangeInterceptor" 
				p:paramName="language"
			/>
		</mvc:interceptor>
	</mvc:interceptors>
	<!--  정적 자원이 일괄 관리 되는 경우 활용 -->
	<mvc:resources location="/resources/" mapping="/resources/**" cache-period="0"/>
</beans>
