<?xml version="1.0" encoding="UTF-8"?>
<!DOCTYPE mapper PUBLIC "-//mybatis.org//DTD Mapper 3.0//EN" "http://mybatis.org/dtd/mybatis-3-mapper.dtd">
<mapper namespace="kr.or.ddit.prof.assignment.dao.AssignmentProfDAO">


	<resultMap type="AssignmentVO" id="assignMap" autoMapping="true">
		<id property="asgnId" column="ASGN_ID"/>
		<association property="studentVO" javaType="StudentVO" autoMapping="true"></association>
		<association property="assignmentSubmitVO" javaType="AssignmentSubmitVO" autoMapping="true"></association>
	</resultMap>


	<!-- 게시판 내 전체 게시글 개수 조회하는 SELECT문 -->
	<select id="selectTotalRecord" parameterType="PagingVO" resultType="int">
		SELECT COUNT(*)
		FROM ASGN
		WHERE LECT_ID = #{lectId}
	</select>


	<!-- 교수 출제과제목록   -->
	<select id="selectProfAssignmentList" parameterType="PagingVO" resultMap="assignMap">

		WITH ORDEREDASSIGNMENTPROF AS (
		
		   SELECT A.ASGN_ID, A.LECT_ID, A.ASSIGN_NM, TO_CHAR(A.ASSIGN_RDATE, 'YYYY-MM-DD') AS ASSIGN_RDATE, 
			   	  TO_CHAR(A.ASSIGN_DDATE, 'YYYY-MM-DD') AS ASSIGN_DDATE, A.ASSIGN_CONT, 
			   	  B.ASGN_SUBM_ID
			FROM ASGN A LEFT OUTER JOIN ASGN_SUBM B ON (A.ASGN_ID = B.ASGN_ID)
			WHERE LECT_ID = #{detailCondition.lectId}
			ORDER BY ASGN_ID 
		    
		)
		SELECT B.* FROM (
		    SELECT ROWNUM RNUM2, A.*
		    FROM (
		        SELECT ROWNUM RNUM, ORDEREDASSIGNMENTPROF.*
		        FROM ORDEREDASSIGNMENTPROF ORDER BY ASGN_ID DESC
		    ) A
		) B
		WHERE RNUM2 BETWEEN #{startRow} AND #{endRow}

	</select>
	
	
	<!-- 교수 과제 조회   -->
	<select id="selectProfAssignmentView" parameterType="String" resultType="AssignmentVO">
	SELECT ASGN_ID 
			, LECT_ID 
			, ASSIGN_NM 
			,TO_CHAR(ASSIGN_RDATE, 'YYYY-MM-DD')  AS ASSIGN_RDATE
			,TO_CHAR(ASSIGN_DDATE, 'YYYY-MM-DD')  AS ASSIGN_DDATE
			,ASSIGN_CONT
	FROM ASGN
	WHERE ASGN_ID = #{asgnId}
	</select> 
	
	
	
	<!--  교수 출제과제 수정  -->
	<update id="updateProfAssignmentView" parameterType="AssignmentVO">
		
		UPDATE ASGN
		SET 
			ASSIGN_NM = #{assignNm,jdbcType=DATE}
		  , ASSIGN_DDATE = #{assignDdate,jdbcType=DATE}
		  , ASSIGN_CONT = #{assignCont,jdbcType=VARCHAR}
		WHERE ASGN_ID = #{asgnId}
		
		<!-- , #{asgnId,jdbcType=VARCHAR}
		, #{lectId,jdbcType=VARCHAR}
		, #{assignNm,jdbcType=VARCHAR}
		, #{assignRdate,jdbcType=DATE}
		, #{assignDdate,jdbcType=DATE}
		, #{assignCont,jdbcType=VARCHAR} -->
	</update>
	
	
	<!--  교수 출제 과제 삭제  -->
	<delete id="deleteProfAssignment" parameterType="String">
		DELETE 
		FROM ASGN
		WHERE ASGN_ID = #{asgnId,jdbcType=VARCHAR}
	</delete>


	<!-- 교수 과제 출제  - 등록   -->
	<insert id="insertProfAssignment" parameterType="AssignmentVO">
		<selectKey order="BEFORE" resultType="String" keyProperty="asgnId" >
			SELECT 'DL1'||LPAD(ASSIGNMENTLIST_SEQ.NEXTVAL, 4, '0') 
			FROM DUAL
		</selectKey>
		INSERT INTO ASGN (
		    ASGN_ID,
		    LECT_ID,
		    ASSIGN_NM,
		    ASSIGN_RDATE,
		    ASSIGN_DDATE,
		    ASSIGN_CONT
		) values (
		    #{asgnId}
			, #{lectId,jdbcType=VARCHAR}
			, #{assignNm,jdbcType=VARCHAR}
			, SYSDATE
			, #{assignDdate,jdbcType=DATE} 
			, #{assignCont,jdbcType=VARCHAR}
		)
	</insert>
	
	
	<!--
	
	///////////////////////////////////////////////////////////////
	
	-->
	
	<!-- 게시판 내 전체 게시글 개수 조회하는 SELECT문 -->
	<select id="selectSubmitTotalRecord" parameterType="PagingVO" resultType="int">
		SELECT COUNT(*)
		FROM ASGN
		WHERE ASGN_ID = #{asgnId}
	</select>

	<!-- 제출한 학생 목록 조회   -->
	 <select id="selectSubmitStudentList" parameterType="PagingVO" resultMap="assignMap">

		
		WITH ORDEREDSTUDENTLIST AS (
		    SELECT A.USER_ID, A.USER_NM
		         , E.ASGN_ID, E.LECT_ID, E.ASSIGN_NM  
		         , TO_CHAR(E.ASSIGN_RDATE,'YYYY-MM-DD') AS ASSIGN_RDATE
		         , TO_CHAR(E.ASSIGN_DDATE, 'YYYY-MM-DD') AS ASSIGN_DDATE
		         , E.ASSIGN_CONT
		         , D.ASGN_SUBM_ID, D.CURLECT_ID
		         , TO_CHAR(D.ASSIGN_SUB_SDATE,'YYYY-MM-DD') AS ASSIGN_SUB_SDATE
		         , D.ASSIGN_SUB_CONT, D.ASSIGN_SCORE
		    FROM USR A INNER JOIN STUDENT B ON (A.USER_ID = B.STD_ID)
		               INNER JOIN CURR_LECT C ON (C.STD_ID = B.STD_ID)
		               INNER JOIN ASGN_SUBM D ON (C.CURLECT_ID = D.CURLECT_ID)
		               INNER JOIN ASGN E ON (E.ASGN_ID = D.ASGN_ID)
		     WHERE E.ASGN_ID = #{detailCondition.asgnId} 
		)
		SELECT B.* FROM (
		    SELECT ROWNUM RNUM2, A.*
		    FROM (
		        SELECT ROWNUM RNUM, ORDEREDSTUDENTLIST.*
		        FROM ORDEREDSTUDENTLIST
		    ) A
		) B
		WHERE RNUM2 BETWEEN #{startRow} AND #{endRow}
	 </select>
	 
	 
	 
	 <!--  제출한 학생 단건 조회  -->
	<select id="selectSubmitStudentView" parameterType="String" resultMap="assignMap">      
		<!-- SELECT 
		     A.USER_NM
		    , A.ASGN_ID, A.LECT_ID, A.ASSIGN_NM, A.ASSIGN_RDATE, A.ASSIGN_DDATE, A.ASSIGN_CONT
		    ,B.ASGN_SUBM_ID, B.CURLECT_ID, B.ASSIGN_SUB_SDATE, B.ASSIGN_SUB_CONT, B.ASSIGN_SCORE
		FROM ASGN A INNER JOIN ASGN_SUBM B ON (A.ASGN_ID = B.ASGN_ID)
		WHERE B.ASGN_SUBM_ID = #{asgnSubmId} -->
		
		
		SELECT 
	        A.ASGN_ID, A.LECT_ID, A.ASSIGN_NM 
	        ,TO_CHAR(A.ASSIGN_RDATE,'YYYY-MM-DD') AS ASSIGN_RDATE
	        ,TO_CHAR(A.ASSIGN_DDATE,'YYYY-MM-DD') AS ASSIGN_DDATE
	        , A.ASSIGN_CONT
	        , B.ASGN_SUBM_ID, B.CURLECT_ID 
	        , TO_CHAR(B.ASSIGN_SUB_SDATE, 'YYYY-MM-DD') AS ASSIGN_SUB_SDATE 
	        , B.ASSIGN_SUB_CONT, B.ASSIGN_SCORE
	        , E.USER_NM
	    FROM ASGN A INNER JOIN ASGN_SUBM B ON (A.ASGN_ID = B.ASGN_ID)
	                INNER JOIN CURR_LECT C ON (C.CURLECT_ID = B.CURLECT_ID)
	                INNER JOIN STUDENT D ON (D.STD_ID = C.STD_ID)
	                INNER JOIN USR E ON (D.STD_ID = E.USER_ID)
		WHERE B.ASGN_SUBM_ID = #{asgnSubmId}
		
	</select>	
	
	
	
	<!--
	
	///////////////////////////////////////////////////////////////
	
	-->
	
	
	<!--  교수 점수 등록  -->
	<update id="updateAssignScore" parameterType="AssignmentSubmitVO">
		UPDATE ASGN_SUBM
		SET 
		    ASSIGN_SCORE = #{assignScore,jdbcType=NUMERIC}
		WHERE ASGN_SUBM_ID = #{asgnSubmId}
	</update>
	
	
	
	
	
	
	
	
	

</mapper>