<?xml version="1.0" encoding="UTF-8"?>
<!DOCTYPE mapper PUBLIC "-//mybatis.org//DTD Mapper 3.0//EN" "http://mybatis.org/dtd/mybatis-3-mapper.dtd">
<mapper namespace="kr.or.ddit.commons.dao.AttaFileDAO">

	<!-- 파일 추가 쿼리(공통) -->
	<insert id="insertCommonAttaFiles" parameterType="CommonAttaFileVO">
		<selectKey order="BEFORE" resultType="int" keyProperty="startAttaSn">
			SELECT NVL(MAX(ATTA_SN), 0)+1
			FROM ATTA_FILE
			WHERE ATTA_ID = #{attaId}
		</selectKey>
		INSERT ALL
		<foreach collection="attaFileList" item="attaFile" index="idx">
			INTO ATTA_FILE(
				ATTA_ID
				, ATTA_SN
				, ATTA_FILENM
				, ATTA_SAVENM
				, ATTA_MIME
				, ATTA_FILESIZE
				, ATTA_FANCYSIZE
				, ATTA_DOWNLOAD
				, ATTA_PATH
			) VALUES (
				#{attaId, jdbcType=VARCHAR}
				, #{startAttaSn}+#{idx}
				, #{attaFile.attaFilenm, jdbcType=VARCHAR}
				, #{attaFile.attaSavenm, jdbcType=VARCHAR}
				, #{attaFile.attaMime, jdbcType=VARCHAR}
				, #{attaFile.attaFilesize, jdbcType=NUMERIC}
				, #{attaFile.attaFancysize, jdbcType=VARCHAR}
				, 0
				, #{attaFile.attaPath, jdbcType=VARCHAR}
			)
		</foreach>
		SELECT * FROM DUAL
	</insert>
	
	<!-- 강의 게시판 파일 추가 쿼리 -->
	<insert id="insertLectBoardFiles" parameterType="LectBoardVO">
		<selectKey order="BEFORE" resultType="int" keyProperty="startAttaSn">
			SELECT NVL(MAX(ATTA_SN), 0)+1
			FROM ATTA_FILE
			WHERE ATTA_ID = #{lectBoardId, jdbcType=VARCHAR}
		</selectKey>
		INSERT ALL
		<foreach collection="attaFileList" item="attaFile" index="idx">
			INTO ATTA_FILE(
				ATTA_ID
				, ATTA_SN
				, ATTA_FILENM
				, ATTA_SAVENM
				, ATTA_MIME
				, ATTA_FILESIZE
				, ATTA_FANCYSIZE
				, ATTA_DOWNLOAD
				, ATTA_PATH
			) VALUES (
				#{attaFile.attaId, jdbcType=VARCHAR}
				, #{startAttaSn}+#{idx}
				, #{attaFile.attaFilenm, jdbcType=VARCHAR}
				, #{attaFile.attaSavenm, jdbcType=VARCHAR}
				, #{attaFile.attaMime, jdbcType=VARCHAR}
				, #{attaFile.attaFilesize, jdbcType=NUMERIC}
				, #{attaFile.attaFancysize, jdbcType=VARCHAR}
				, 0
				, #{attaFile.attaPath, jdbcType=VARCHAR}
			)
		</foreach>
		SELECT * FROM DUAL
	</insert>
	
	
	
	<!-- 학생 인서트 쿼리 -->
	<insert id="insertStudentInfoFiles" parameterType="StudentVO">
		<selectKey order="BEFORE" resultType="int" keyProperty="startAttaSn">
			SELECT NVL(MAX(ATTA_SN), 0)+1
			FROM ATTA_FILE
			WHERE ATTA_ID = #{stdId, jdbcType=VARCHAR}
		</selectKey>
		INSERT ALL
		<foreach collection="attaFileList" item="attaFile" index="idx">
			INTO ATTA_FILE(
				ATTA_ID
				, ATTA_SN
				, ATTA_FILENM
				, ATTA_SAVENM
				, ATTA_MIME
				, ATTA_FILESIZE
				, ATTA_FANCYSIZE
				, ATTA_DOWNLOAD
				, ATTA_PATH
			) VALUES (
				#{attaFile.attaId, jdbcType=VARCHAR}
				, #{startAttaSn}+#{idx}
				, #{attaFile.attaFilenm, jdbcType=VARCHAR}
				, #{attaFile.attaSavenm, jdbcType=VARCHAR}
				, #{attaFile.attaMime, jdbcType=VARCHAR}
				, #{attaFile.attaFilesize, jdbcType=NUMERIC}
				, #{attaFile.attaFancysize, jdbcType=VARCHAR}
				, 0
				, #{attaFile.attaPath, jdbcType=VARCHAR}
			)
		</foreach>
		SELECT * FROM DUAL
	</insert>	
	
	
	<!-- 교수 인서트 쿼리 -->
	<insert id="insertProfInfoFiles" parameterType="ProfessorVO">
		<selectKey order="BEFORE" resultType="int" keyProperty="startAttaSn">
			SELECT NVL(MAX(ATTA_SN), 0)+1
			FROM ATTA_FILE
			WHERE ATTA_ID = #{profId, jdbcType=VARCHAR}
		</selectKey>
		INSERT ALL
		<foreach collection="attaFileList" item="attaFile" index="idx">
			INTO ATTA_FILE(
				ATTA_ID
				, ATTA_SN
				, ATTA_FILENM
				, ATTA_SAVENM
				, ATTA_MIME
				, ATTA_FILESIZE
				, ATTA_FANCYSIZE
				, ATTA_DOWNLOAD
				, ATTA_PATH
			) VALUES (
				#{attaFile.attaId, jdbcType=VARCHAR}
				, #{startAttaSn}+#{idx}
				, #{attaFile.attaFilenm, jdbcType=VARCHAR}
				, #{attaFile.attaSavenm, jdbcType=VARCHAR}
				, #{attaFile.attaMime, jdbcType=VARCHAR}
				, #{attaFile.attaFilesize, jdbcType=NUMERIC}
				, #{attaFile.attaFancysize, jdbcType=VARCHAR}
				, 0
				, #{attaFile.attaPath, jdbcType=VARCHAR}
			)
		</foreach>
		SELECT * FROM DUAL
	</insert>	


	<!-- 교직원 인서트 쿼리 -->
	<insert id="insertEmpInfoFiles" parameterType="EmpVO">
		<selectKey order="BEFORE" resultType="int" keyProperty="startAttaSn">
			SELECT NVL(MAX(ATTA_SN), 0)+1
			FROM ATTA_FILE
			WHERE ATTA_ID = #{empId, jdbcType=VARCHAR}
		</selectKey>
		INSERT ALL
		<foreach collection="attaFileList" item="attaFile" index="idx">
			INTO ATTA_FILE(
				ATTA_ID
				, ATTA_SN
				, ATTA_FILENM
				, ATTA_SAVENM
				, ATTA_MIME
				, ATTA_FILESIZE
				, ATTA_FANCYSIZE
				, ATTA_DOWNLOAD
				, ATTA_PATH
			) VALUES (
				#{attaFile.attaId, jdbcType=VARCHAR}
				, #{startAttaSn}+#{idx}
				, #{attaFile.attaFilenm, jdbcType=VARCHAR}
				, #{attaFile.attaSavenm, jdbcType=VARCHAR}
				, #{attaFile.attaMime, jdbcType=VARCHAR}
				, #{attaFile.attaFilesize, jdbcType=NUMERIC}
				, #{attaFile.attaFancysize, jdbcType=VARCHAR}
				, 0
				, #{attaFile.attaPath, jdbcType=VARCHAR}
			)
		</foreach>
		SELECT * FROM DUAL
	</insert>	



	
	
	
	<!-- 파일 삭제 -->
	<delete id="deleteAttaFileList" parameterType="AttaFileVO">
		DELETE FROM ATTA_FILE
		WHERE ATTA_ID = #{attaId}
		AND ATTA_SN = #{attaSn}
	</delete>
	
	<!-- 학생 파일 삭제 -->
	<delete id="deleteAttaFile" parameterType="String">
		DELETE FROM ATTA_FILE
		WHERE ATTA_ID = #{stdId}
	</delete>
	
	<!-- 교수 파일 삭제 -->
	<delete id="deleteProfAttaFile" parameterType="String">
		DELETE FROM ATTA_FILE
		WHERE ATTA_ID = #{profId}
	</delete>
	
	<!-- 직원 파일 삭제 -->
	<delete id="deleteEmpAttaFile" parameterType="String">
		DELETE FROM ATTA_FILE
		WHERE ATTA_ID = #{empId}
	</delete>
	
	

	
	<!-- 파일 다운로드 -->
	<select id="selectAttaFile" parameterType="hashMap" resultType="hashMap">
		SELECT
			ATTA_ID
			, ATTA_SN
			, ATTA_FILENM
			, ATTA_SAVENM
		FROM
			ATTA_FILE
		WHERE ATTA_ID = #{attaId}
		AND ATTA_SN = #{attaSn}
	</select>
</mapper>