<?xml version="1.0" encoding="UTF-8"?>
<!DOCTYPE mapper PUBLIC "-//mybatis.org//DTD Mapper 3.0//EN" "http://mybatis.org/dtd/mybatis-3-mapper.dtd">
<mapper namespace="kr.or.ddit.prof.dean.dao.LectrueSyllabusDeanDAO">

	<resultMap type="SyllabusVO" id="syllabusMap" autoMapping="true">
		<id property="syllaId" column="SYLLA_ID"/>
		<association property="semesterVO" autoMapping="true" javaType="SemesterVO"></association>
		<association property="subMajorVO" autoMapping="true" javaType="SubMajorVO"></association>
		<association property="buildingVO" autoMapping="true" javaType="BuildingVO"></association>
		<association property="lectRoomVO" autoMapping="true" javaType="LectRoomVO"></association>
		<association property="syllaApprVO" autoMapping="true" javaType="SyllaApprVO"></association>
		<association property="professorVO" autoMapping="true" javaType="ProfessorVO"></association>
		<collection property="scoreCritList" autoMapping="true" ofType="ScoreCritVO"></collection>
		<collection property="lectWeekList" autoMapping="true" ofType="LectWeekVO"></collection>
	</resultMap>

	<select id="selectDeanSyllaList" resultMap="syllabusMap">
	SELECT  A.SYLLA_ID,
			B.SEME_YEAR, 
	        B.SEME,
	        A.CAM_YEAR, 
	        A.LECT_NM, 
	        A.HOPE_MAX,
	    (SELECT COMM_DESC
	       FROM COMM
	      WHERE COMM.COMM_ID = C.ESTA_SUB
	    ) AS ESTA_SUB,
	       C.CREDIT, 
	       A.HOPE_TIME,
	       (SELECT COMM_DESC
	          FROM COMM
	         WHERE COMM.COMM_ID = D.BUILD_ID
	    ) AS BUILD_ID,
	       D.BUILD_NUM,
	    (SELECT COMM_DESC
	       FROM COMM
	      WHERE COMM.COMM_ID = A.SYLLA_MEET
	    ) AS SYLLA_MEET,
	    (SELECT COMM_DESC
	       FROM COMM
	      WHERE COMM.COMM_ID = E.APRV_STATE) AS APRV_STATE,
	      A.SYLLA_ID
	  FROM SYLLABUS A INNER JOIN SEMESTER B ON (A.SEME_ID = B.SEME_ID)
	                  INNER JOIN SUB_MAJOR C ON (A.SUB_MAJOR_ID = C.SUB_MAJOR_ID)
	                  INNER JOIN LECT_ROOM D ON (A.LECT_ROOM_ID = D.LECT_ROOM_ID)
	                  INNER JOIN SYLLA_APPR E ON (A.SYLLA_ID = E.SYLLA_ID)
	  ORDER BY B.SEME_YEAR DESC, B.SEME DESC, A.SYLLA_ID DESC
	</select>
	
	<select id="selectDeanSylla" parameterType="SyllabusVO" resultMap="syllabusMap">
	SELECT B.SEME_YEAR
	    , B.SEME as SEME
	    ,( SELECT USER_NM
	         FROM USR
	        WHERE USR.USER_ID = A.PROF_ID
	    ) AS USER_NM
	    ,(SELECT COMM_DESC
	          FROM COMM
	         WHERE COMM.COMM_ID = C.BUILD_ID
	    ) AS BUILD_ID
	    , C.BUILD_NUM
	    , A.LECT_NM
	    , D.SUBJECT_NM
	    , A.LECT_HOUR
	    , A.CAM_YEAR
	    , A.HOPE_TIME
	    , A.HOPE_MAX
	    , A.TEXTBOOK
	    , A.LECT_COM
	    , A.NOTE
	    ,(SELECT COMM_DESC
	       FROM COMM
	      WHERE COMM.COMM_ID = A.SYLLA_MEET
	    ) AS SYLLA_MEET
	    , A.SYLLA_ID
	    , E.SCORE_CRIT_NM
	    , E.SCORE_CRIT_RATIO
	    , F.LECT_WEEK
	    , F.LECT_WEEKLY
	  FROM SYLLABUS A INNER JOIN SEMESTER B ON (A.SEME_ID = B.SEME_ID)
	                  INNER JOIN LECT_ROOM C ON (A.LECT_ROOM_ID = C.LECT_ROOM_ID)
	                  INNER JOIN SUB_MAJOR D ON (A.SUB_MAJOR_ID = D.SUB_MAJOR_ID)
	                  INNER JOIN SCORE_CRIT E ON (A.SYLLA_ID = E.SYLLA_ID)
	                  INNER JOIN LECT_WEEK F ON (A.SYLLA_ID = F.SYLLA_ID)
		WHERE A.SYLLA_ID = #{syllaId}
	</select>
	
	<update id="updateSyllaAppr" parameterType="map">
		UPDATE SYLLA_APPR
   		   SET APRV_DATE = #{aprvDate}
       		   , REJECT_REASON = #{rejectReason}
       		   , APRV_STATE = #{aprvState}
 		 WHERE SYLLA_ID = #{syllaId}
	</update>
	
	<resultMap type="SyllaApprVO" id="selectStateMap">
		<id property="syllaApprId" column="SYLLA_APPR_ID"/>
		<collection property="syllabusVO" autoMapping="true" ofType="SyllabusVO"></collection>
	</resultMap>
	<select id="selectState" resultMap="selectStateMap">
		SELECT SYLLA_ID
		  FROM SYLLA_APPR
	     WHERE APRV_STATE = '3'
	     	OR APRV_STATE = '4'
	</select>
	
	
</mapper>