<?xml version="1.0" encoding="UTF-8"?>
<!DOCTYPE mapper PUBLIC "-//mybatis.org//DTD Mapper 3.0//EN" "http://mybatis.org/dtd/mybatis-3-mapper.dtd">
<mapper namespace="kr.or.ddit.student.priorSugang.dao.SearchListDAO">

	<resultMap type="MajorVO" id="collMajorMap">
		<id property="majorId" column="MAJOR_ID" />
		<association property="collList" javaType="CollVO" autoMapping="true" />
	</resultMap>
	
	<!-- 단과대 목록 조회 -->
	<select id="selectCollList" resultMap="collMajorMap">
		SELECT DISTINCT COLL_ID, COLL_NM
		FROM V_COLLMAJORINFO
		ORDER BY COLL_ID
	</select>
	
	<!-- 학과 목록 조회 -->
	<select id="selectMajorList" parameterType="String" resultType="MajorVO">
		SELECT COLL_ID, MAJOR_ID, MAJOR_NM
		FROM V_COLLMAJORINFO
		<where>
			<if test="@org.apache.commons.lang3.StringUtils@isNotBlank(collId)">
				COLL_ID = #{collId}
			</if>
		</where>
	</select>
	
	<!-- 이수구분 목록 조회 -->
	<select id="selectSubjectList" resultType="CommVO">
		SELECT COMM_ID, COMM_DESC
		FROM COMM
		WHERE COMM_GRP_ID = 'SUBJECT'
	</select>
</mapper>