<?xml version="1.0" encoding="UTF-8"?>
<!DOCTYPE mapper PUBLIC "-//mybatis.org//DTD Mapper 3.0//EN" "http://mybatis.org/dtd/mybatis-3-mapper.dtd">
<mapper namespace="kr.or.ddit.board.dao.AttatchDAO">
	<insert id="insertAttatches" parameterType="BoardVO">
		<selectKey order="BEFORE" resultType="int" keyProperty="startAttNo">
			SELECT NVL(MAX(ATT_NO), 0)+1
			FROM ATTATCH
		</selectKey>
		INSERT ALL
		
		<foreach collection="attatchList" item="attatch" index="idx">
			INTO ATTATCH(
				ATT_NO
				, BO_NO
				, ATT_FILENAME
				, ATT_SAVENAME
				, ATT_MIME
				, ATT_FILESIZE
				, ATT_FANCYSIZE
				, ATT_DOWNLOAD
			)VALUES(
				#{startAttNo}+#{idx}
				, #{boNo,jdbcType=NUMERIC}
				, #{attatch.attFilename,jdbcType=VARCHAR}
				, #{attatch.attSavename,jdbcType=VARCHAR}
				, #{attatch.attMime,jdbcType=VARCHAR}
				, #{attatch.attFilesize,jdbcType=NUMERIC}
				, #{attatch.attFancysize,jdbcType=VARCHAR}
				, 0
			)
		</foreach>
		
		SELECT * FROM DUAL
	</insert>
	<delete id="deleteAttatches" parameterType="BoardVO">
		DELETE FROM ATTATCH
		WHERE ATT_NO IN
		<foreach collection="delAttNos" item="attNo" open="(" close=")" separator=",">
			#{attNo}
		</foreach>
	</delete>
</mapper>

















