<?xml version="1.0" encoding="UTF-8"?>
<!DOCTYPE mapper PUBLIC "-//mybatis.org//DTD Mapper 3.0//EN" "http://mybatis.org/dtd/mybatis-3-mapper.dtd">
<mapper namespace="kr.or.ddit.project.chat.dao.ChatDAO">

	<select id="selectProjectList" parameterType="string" resultType="ProjectVO" >
		SELECT
		    PRO_CODE,
		    (
		        SELECT MEM_NAME
		        FROM MEMBER A
		        WHERE A.MEM_EMAIL = B.MEM_EMAIL
		    )MEM_NAME,
		    PRO_TITLE,
		    PRO_CDATE,
		    PRO_SDATE,
		    PRO_EDATE,
		    PRO_DETAIL,
		    PRO_END_YN,
		    PRO_DEL_YN,
		    PRO_CLS_CD
		FROM
		    PROJECT B
		WHERE MEM_EMAIL = #{memEmail}
		
	</select>
	
	<select id="selectProjectChatRoom" parameterType="kr.or.ddit.project.chat.vo.ChatVO" resultType="kr.or.ddit.project.chat.vo.ChatVO">
		SELECT 
		    (
		        SELECT 
		            MEM_NAME
		        FROM 
		            MEMBER
		        WHERE
		             MEM_EMAIL = #{memEmail}
		    )MEM_NAME,
		    C.PRO_CODE, 
		    C.PRO_TITLE
		FROM 
		    PROJECT C 
		    INNER JOIN MEMBER B ON (C.MEM_EMAIL = B.MEM_EMAIL)
		WHERE C.PRO_CODE = #{proCode}
	</select>
	
	<insert id="insertChatRoom" parameterType="ChatVO">
		<selectKey resultType="int" order="BEFORE" keyProperty="chatroomNo">
			SELECT CHATROOM_SEQ.NEXTVAL FROM DUAL
		</selectKey>
		INSERT INTO CHATROOM
		(
			CHATROOM_NO,
			MEM_EMAIL,
			PRO_CODE,
			CHATROOM_TITLE,
			CHATROOM_CLS_NO
		) VALUES (
			#{chatroomNo},
			#{memEmail,jdbcType=VARCHAR},
			#{proCode,jdbcType=VARCHAR},
			#{chatroomTitle,jdbcType=VARCHAR},
			#{chatroomClsNo,jdbcType=NUMERIC}
		)
	</insert>
	
	<delete id="deleteChatRoom" parameterType="int">
		DELETE FROM CHATROOM
		WHERE CHATROOM_NO = #{chatroomNo}
	</delete>
</mapper>