<?xml version="1.0" encoding="UTF-8"?>
<!DOCTYPE mapper PUBLIC "-//mybatis.org//DTD Mapper 3.0//EN" "http://mybatis.org/dtd/mybatis-3-mapper.dtd">
<mapper namespace="kr.or.ddit.main.help.dao.FAQDAO">
	
	<!-- FAQ 리스트 조회 -->
	<select id="selectFaqList" parameterType="FAQVO" resultType="FAQVO">
		SELECT *
		  FROM FAQ
	</select>
	
	<!-- FAQ 등록(질문,답변 등록) -->
	<insert id="insertFaq" parameterType="FAQVO">
		<selectKey order="BEFORE" resultType="int" keyProperty="faqNo">
			SELECT FAQ_SEQ.NEXTVAL
			  FROM DUAL
		</selectKey>
		INSERT INTO FAQ (
			FAQ_NO,
			FAQ_ASK,
			FAQ_ANS
		) VALUES (
			#{faqNo,jdbcType=NUMERIC},
			#{faqAsk,jdbcType=VARCHAR},
			#{faqAns,jdbcType=CLOB}
		)
	</insert>
	
	<update id="updateFaq" parameterType="FAQVO">
		UPDATE FAQ
		   SET 
			FAQ_ASK  = #{faqAsk,jdbcType=VARCHAR},
			FAQ_ANS  = #{faqAns,jdbcType=CLOB}     
		WHERE 
			 FAQ_NO   = #{faqNo,jdbcType=NUMERIC} 
	</update>
	
	<delete id="deleteFaq">
		DELETE 
		  FROM FAQ
		 WHERE FAQ_NO = #{faqNo,jdbcType=NUMERIC}
	</delete>
	
</mapper>