<?xml version="1.0" encoding="UTF-8"?>
<!DOCTYPE mapper PUBLIC "-//mybatis.org//DTD Mapper 3.0//EN" "http://mybatis.org/dtd/mybatis-3-mapper.dtd">
<mapper namespace="kr.or.ddit.project.sidemenu.dao.MemoDAO">
	
	<select id="selectMemoList" resultType="MemoVO" parameterType="string">
		SELECT
			A.*
		FROM(
			SELECT
				ROWNUM RNUM,
				B.MEMO_NO,
				A.MEM_NAME,
				B.MEMO_TITLE,
				B.MEMO_CONT,
				TO_CHAR(B.MEMO_DATE,'YYYY-MM-DD') AS MEMO_DATE
		FROM MEMBER A , MEMO B
		WHERE A.MEM_EMAIL = B.MEM_EMAIL
		AND A.MEM_EMAIL = #{memEmail,jdbcType=VARCHAR}
		ORDER BY B.MEMO_NO 
		)A
	</select>
	
	<select id="selelctTotalRecord" resultType="int" parameterType="MemoVO">
		SELECT COUNT(*)
		FROM MEMO
	</select>
	<select id="selectMemoSearchList" resultType="MemoVO" parameterType="hashMap">
		SELECT
			A.*
		FROM(
			SELECT
				ROWNUM RNUM,
				B.MEMO_NO,
				A.MEM_NAME,
				B.MEMO_TITLE,
				B.MEMO_CONT,
				TO_CHAR(B.MEMO_DATE,'YYYY-MM-DD') AS MEMO_DATE
		FROM MEMBER A , MEMO B
		WHERE A.MEM_EMAIL = B.MEM_EMAIL
		AND A.MEM_EMAIL = #{memEmail}
		<if test="searchOption!=null">
			<choose>
				<when test="searchOption=='memoTitle'">
					AND B.MEMO_TITLE LIKE '%' || #{searchWord} || '%'
				</when>
				<when test="searchOption=='memoCont'">
					AND B.MEMO_CONT LIKE '%' || #{searchWord} || '%'
				</when>
				<otherwise>
					AND B.MEMO_TITLE LIKE '%' || #{searchWord} || '%'
					AND B.MEMO_CONT LIKE '%' || #{searchWord} || '%'
				</otherwise>
			</choose>
		</if>
		    ORDER BY B.MEMO_NO 
		)A
		
	</select>
	
	<select id="selectMemo" resultType="MemoVO" parameterType="int">
		SELECT 
    		B.MEMO_NO,
   		 	A.MEM_NAME,
   			B.MEMO_TITLE,
    		B.MEMO_CONT,
    		TO_CHAR(B.MEMO_DATE,'YYYY-MM-DD') AS MEMO_DATE
		FROM MEMBER A , MEMO B
		WHERE A.MEM_EMAIL = B.MEM_EMAIL
		AND B.MEMO_NO = #{memoNo}
	</select>
	
	<insert id="insertMemo" parameterType="MemoVO">
		<selectKey resultType="int" order="BEFORE" keyProperty="memoNo">
			SELECT MEMO_SEQ.NEXTVAL FROM DUAL
		</selectKey>
		INSERT INTO MEMO
		(
			MEMO_NO,
			MEM_EMAIL,
			MEMO_TITLE,
			MEMO_CONT,
			MEMO_DATE
		) VALUES (
			#{memoNo},
			#{memEmail,jdbcType=VARCHAR},
			#{memoTitle,jdbcType=VARCHAR},
			#{memoCont,jdbcType=VARCHAR},
			SYSDATE
		)
	</insert>
	
	<update id="updateMmeo" parameterType="MemoVO">
		UPDATE MEMO
		SET
		MEMO_TITLE = #{memoTitle},
		MEMO_CONT = #{memoCont},
		MEMO_DATE = SYSDATE
		WHERE MEMO_NO = #{memoNo}
		
	</update>
	
	<delete id="deleteMemo" parameterType="int">
		DELETE FROM MEMO
		WHERE MEMO_NO = #{memoNo}
	</delete>
	
</mapper>